<?xml version="1.0" encoding="UTF-8"?>
<project-private xmlns="http://www.netbeans.org/ns/project-private/1">
    <editor-bookmarks xmlns="http://www.netbeans.org/ns/editor-bookmarks/2" lastBookmarkId="0"/>
    <open-files xmlns="http://www.netbeans.org/ns/projectui-open-files/2">
        <group>
            <file>file:/C:/Users/tan/Documents/NetBeansProjects/STEMSZ/src/AdminChat.java</file>
            <file>file:/C:/Users/tan/Documents/NetBeansProjects/STEMSZ/src/User.java</file>
            <file>file:/C:/Users/tan/Documents/NetBeansProjects/STEMSZ/src/AdminSched.java</file>
            <file>file:/C:/Users/tan/Documents/NetBeansProjects/STEMSZ/src/Dashboard.java</file>
            <file>file:/C:/Users/tan/Documents/NetBeansProjects/STEMSZ/src/ChatClient.java</file>
            <file>file:/C:/Users/tan/Documents/NetBeansProjects/STEMSZ/src/AdminRegister.java</file>
            <file>file:/C:/Users/tan/Documents/NetBeansProjects/STEMSZ/src/StudentStrands.java</file>
            <file>file:/C:/Users/tan/Documents/NetBeansProjects/STEMSZ/src/AdminChatPanel.java</file>
            <file>file:/C:/Users/tan/Documents/NetBeansProjects/STEMSZ/src/ICTSched.java</file>
        </group>
    </open-files>
</project-private>
